-- phpMyAdmin SQL Dump
-- version 4.9.0.1
-- https://www.phpmyadmin.net/
--
-- Host: 127.0.0.1
-- Waktu pembuatan: 03 Des 2019 pada 09.52
-- Versi server: 10.4.6-MariaDB
-- Versi PHP: 7.3.9

SET SQL_MODE = "NO_AUTO_VALUE_ON_ZERO";
SET AUTOCOMMIT = 0;
START TRANSACTION;
SET time_zone = "+00:00";


/*!40101 SET @OLD_CHARACTER_SET_CLIENT=@@CHARACTER_SET_CLIENT */;
/*!40101 SET @OLD_CHARACTER_SET_RESULTS=@@CHARACTER_SET_RESULTS */;
/*!40101 SET @OLD_COLLATION_CONNECTION=@@COLLATION_CONNECTION */;
/*!40101 SET NAMES utf8mb4 */;

--
-- Database: `dbtiket`
--

-- --------------------------------------------------------

--
-- Struktur dari tabel `pma__bookmark`
--

CREATE TABLE `pma__bookmark` (
  `id` int(10) UNSIGNED NOT NULL,
  `dbase` varchar(255) COLLATE utf8_bin NOT NULL DEFAULT '',
  `user` varchar(255) COLLATE utf8_bin NOT NULL DEFAULT '',
  `label` varchar(255) CHARACTER SET utf8 NOT NULL DEFAULT '',
  `query` text COLLATE utf8_bin NOT NULL
) ENGINE=InnoDB DEFAULT CHARSET=utf8 COLLATE=utf8_bin COMMENT='Bookmarks';

-- --------------------------------------------------------

--
-- Struktur dari tabel `pma__central_columns`
--

CREATE TABLE `pma__central_columns` (
  `db_name` varchar(64) COLLATE utf8_bin NOT NULL,
  `col_name` varchar(64) COLLATE utf8_bin NOT NULL,
  `col_type` varchar(64) COLLATE utf8_bin NOT NULL,
  `col_length` text COLLATE utf8_bin DEFAULT NULL,
  `col_collation` varchar(64) COLLATE utf8_bin NOT NULL,
  `col_isNull` tinyint(1) NOT NULL,
  `col_extra` varchar(255) COLLATE utf8_bin DEFAULT '',
  `col_default` text COLLATE utf8_bin DEFAULT NULL
) ENGINE=InnoDB DEFAULT CHARSET=utf8 COLLATE=utf8_bin COMMENT='Central list of columns';

-- --------------------------------------------------------

--
-- Struktur dari tabel `pma__column_info`
--

CREATE TABLE `pma__column_info` (
  `id` int(5) UNSIGNED NOT NULL,
  `db_name` varchar(64) COLLATE utf8_bin NOT NULL DEFAULT '',
  `table_name` varchar(64) COLLATE utf8_bin NOT NULL DEFAULT '',
  `column_name` varchar(64) COLLATE utf8_bin NOT NULL DEFAULT '',
  `comment` varchar(255) CHARACTER SET utf8 NOT NULL DEFAULT '',
  `mimetype` varchar(255) CHARACTER SET utf8 NOT NULL DEFAULT '',
  `transformation` varchar(255) COLLATE utf8_bin NOT NULL DEFAULT '',
  `transformation_options` varchar(255) COLLATE utf8_bin NOT NULL DEFAULT '',
  `input_transformation` varchar(255) COLLATE utf8_bin NOT NULL DEFAULT '',
  `input_transformation_options` varchar(255) COLLATE utf8_bin NOT NULL DEFAULT ''
) ENGINE=InnoDB DEFAULT CHARSET=utf8 COLLATE=utf8_bin COMMENT='Column information for phpMyAdmin';

-- --------------------------------------------------------

--
-- Struktur dari tabel `pma__designer_settings`
--

CREATE TABLE `pma__designer_settings` (
  `username` varchar(64) COLLATE utf8_bin NOT NULL,
  `settings_data` text COLLATE utf8_bin NOT NULL
) ENGINE=InnoDB DEFAULT CHARSET=utf8 COLLATE=utf8_bin COMMENT='Settings related to Designer';

-- --------------------------------------------------------

--
-- Struktur dari tabel `pma__export_templates`
--

CREATE TABLE `pma__export_templates` (
  `id` int(5) UNSIGNED NOT NULL,
  `username` varchar(64) COLLATE utf8_bin NOT NULL,
  `export_type` varchar(10) COLLATE utf8_bin NOT NULL,
  `template_name` varchar(64) COLLATE utf8_bin NOT NULL,
  `template_data` text COLLATE utf8_bin NOT NULL
) ENGINE=InnoDB DEFAULT CHARSET=utf8 COLLATE=utf8_bin COMMENT='Saved export templates';

-- --------------------------------------------------------

--
-- Struktur dari tabel `pma__favorite`
--

CREATE TABLE `pma__favorite` (
  `username` varchar(64) COLLATE utf8_bin NOT NULL,
  `tables` text COLLATE utf8_bin NOT NULL
) ENGINE=InnoDB DEFAULT CHARSET=utf8 COLLATE=utf8_bin COMMENT='Favorite tables';

-- --------------------------------------------------------

--
-- Struktur dari tabel `pma__history`
--

CREATE TABLE `pma__history` (
  `id` bigint(20) UNSIGNED NOT NULL,
  `username` varchar(64) COLLATE utf8_bin NOT NULL DEFAULT '',
  `db` varchar(64) COLLATE utf8_bin NOT NULL DEFAULT '',
  `table` varchar(64) COLLATE utf8_bin NOT NULL DEFAULT '',
  `timevalue` timestamp NOT NULL DEFAULT current_timestamp(),
  `sqlquery` text COLLATE utf8_bin NOT NULL
) ENGINE=InnoDB DEFAULT CHARSET=utf8 COLLATE=utf8_bin COMMENT='SQL history for phpMyAdmin';

-- --------------------------------------------------------

--
-- Struktur dari tabel `pma__navigationhiding`
--

CREATE TABLE `pma__navigationhiding` (
  `username` varchar(64) COLLATE utf8_bin NOT NULL,
  `item_name` varchar(64) COLLATE utf8_bin NOT NULL,
  `item_type` varchar(64) COLLATE utf8_bin NOT NULL,
  `db_name` varchar(64) COLLATE utf8_bin NOT NULL,
  `table_name` varchar(64) COLLATE utf8_bin NOT NULL
) ENGINE=InnoDB DEFAULT CHARSET=utf8 COLLATE=utf8_bin COMMENT='Hidden items of navigation tree';

-- --------------------------------------------------------

--
-- Struktur dari tabel `pma__pdf_pages`
--

CREATE TABLE `pma__pdf_pages` (
  `db_name` varchar(64) COLLATE utf8_bin NOT NULL DEFAULT '',
  `page_nr` int(10) UNSIGNED NOT NULL,
  `page_descr` varchar(50) CHARACTER SET utf8 NOT NULL DEFAULT ''
) ENGINE=InnoDB DEFAULT CHARSET=utf8 COLLATE=utf8_bin COMMENT='PDF relation pages for phpMyAdmin';

-- --------------------------------------------------------

--
-- Struktur dari tabel `pma__recent`
--

CREATE TABLE `pma__recent` (
  `username` varchar(64) COLLATE utf8_bin NOT NULL,
  `tables` text COLLATE utf8_bin NOT NULL
) ENGINE=InnoDB DEFAULT CHARSET=utf8 COLLATE=utf8_bin COMMENT='Recently accessed tables';

-- --------------------------------------------------------

--
-- Struktur dari tabel `pma__relation`
--

CREATE TABLE `pma__relation` (
  `master_db` varchar(64) COLLATE utf8_bin NOT NULL DEFAULT '',
  `master_table` varchar(64) COLLATE utf8_bin NOT NULL DEFAULT '',
  `master_field` varchar(64) COLLATE utf8_bin NOT NULL DEFAULT '',
  `foreign_db` varchar(64) COLLATE utf8_bin NOT NULL DEFAULT '',
  `foreign_table` varchar(64) COLLATE utf8_bin NOT NULL DEFAULT '',
  `foreign_field` varchar(64) COLLATE utf8_bin NOT NULL DEFAULT ''
) ENGINE=InnoDB DEFAULT CHARSET=utf8 COLLATE=utf8_bin COMMENT='Relation table';

-- --------------------------------------------------------

--
-- Struktur dari tabel `pma__savedsearches`
--

CREATE TABLE `pma__savedsearches` (
  `id` int(5) UNSIGNED NOT NULL,
  `username` varchar(64) COLLATE utf8_bin NOT NULL DEFAULT '',
  `db_name` varchar(64) COLLATE utf8_bin NOT NULL DEFAULT '',
  `search_name` varchar(64) COLLATE utf8_bin NOT NULL DEFAULT '',
  `search_data` text COLLATE utf8_bin NOT NULL
) ENGINE=InnoDB DEFAULT CHARSET=utf8 COLLATE=utf8_bin COMMENT='Saved searches';

-- --------------------------------------------------------

--
-- Struktur dari tabel `pma__table_coords`
--

CREATE TABLE `pma__table_coords` (
  `db_name` varchar(64) COLLATE utf8_bin NOT NULL DEFAULT '',
  `table_name` varchar(64) COLLATE utf8_bin NOT NULL DEFAULT '',
  `pdf_page_number` int(11) NOT NULL DEFAULT 0,
  `x` float UNSIGNED NOT NULL DEFAULT 0,
  `y` float UNSIGNED NOT NULL DEFAULT 0
) ENGINE=InnoDB DEFAULT CHARSET=utf8 COLLATE=utf8_bin COMMENT='Table coordinates for phpMyAdmin PDF output';

-- --------------------------------------------------------

--
-- Struktur dari tabel `pma__table_info`
--

CREATE TABLE `pma__table_info` (
  `db_name` varchar(64) COLLATE utf8_bin NOT NULL DEFAULT '',
  `table_name` varchar(64) COLLATE utf8_bin NOT NULL DEFAULT '',
  `display_field` varchar(64) COLLATE utf8_bin NOT NULL DEFAULT ''
) ENGINE=InnoDB DEFAULT CHARSET=utf8 COLLATE=utf8_bin COMMENT='Table information for phpMyAdmin';

-- --------------------------------------------------------

--
-- Struktur dari tabel `pma__table_uiprefs`
--

CREATE TABLE `pma__table_uiprefs` (
  `username` varchar(64) COLLATE utf8_bin NOT NULL,
  `db_name` varchar(64) COLLATE utf8_bin NOT NULL,
  `table_name` varchar(64) COLLATE utf8_bin NOT NULL,
  `prefs` text COLLATE utf8_bin NOT NULL,
  `last_update` timestamp NOT NULL DEFAULT current_timestamp() ON UPDATE current_timestamp()
) ENGINE=InnoDB DEFAULT CHARSET=utf8 COLLATE=utf8_bin COMMENT='Tables'' UI preferences';

-- --------------------------------------------------------

--
-- Struktur dari tabel `pma__tracking`
--

CREATE TABLE `pma__tracking` (
  `db_name` varchar(64) COLLATE utf8_bin NOT NULL,
  `table_name` varchar(64) COLLATE utf8_bin NOT NULL,
  `version` int(10) UNSIGNED NOT NULL,
  `date_created` datetime NOT NULL,
  `date_updated` datetime NOT NULL,
  `schema_snapshot` text COLLATE utf8_bin NOT NULL,
  `schema_sql` text COLLATE utf8_bin DEFAULT NULL,
  `data_sql` longtext COLLATE utf8_bin DEFAULT NULL,
  `tracking` set('UPDATE','REPLACE','INSERT','DELETE','TRUNCATE','CREATE DATABASE','ALTER DATABASE','DROP DATABASE','CREATE TABLE','ALTER TABLE','RENAME TABLE','DROP TABLE','CREATE INDEX','DROP INDEX','CREATE VIEW','ALTER VIEW','DROP VIEW') COLLATE utf8_bin DEFAULT NULL,
  `tracking_active` int(1) UNSIGNED NOT NULL DEFAULT 1
) ENGINE=InnoDB DEFAULT CHARSET=utf8 COLLATE=utf8_bin COMMENT='Database changes tracking for phpMyAdmin';

-- --------------------------------------------------------

--
-- Struktur dari tabel `pma__userconfig`
--

CREATE TABLE `pma__userconfig` (
  `username` varchar(64) COLLATE utf8_bin NOT NULL,
  `timevalue` timestamp NOT NULL DEFAULT current_timestamp() ON UPDATE current_timestamp(),
  `config_data` text COLLATE utf8_bin NOT NULL
) ENGINE=InnoDB DEFAULT CHARSET=utf8 COLLATE=utf8_bin COMMENT='User preferences storage for phpMyAdmin';

-- --------------------------------------------------------

--
-- Struktur dari tabel `pma__usergroups`
--

CREATE TABLE `pma__usergroups` (
  `usergroup` varchar(64) COLLATE utf8_bin NOT NULL,
  `tab` varchar(64) COLLATE utf8_bin NOT NULL,
  `allowed` enum('Y','N') COLLATE utf8_bin NOT NULL DEFAULT 'N'
) ENGINE=InnoDB DEFAULT CHARSET=utf8 COLLATE=utf8_bin COMMENT='User groups with configured menu items';

-- --------------------------------------------------------

--
-- Struktur dari tabel `pma__users`
--

CREATE TABLE `pma__users` (
  `username` varchar(64) COLLATE utf8_bin NOT NULL,
  `usergroup` varchar(64) COLLATE utf8_bin NOT NULL
) ENGINE=InnoDB DEFAULT CHARSET=utf8 COLLATE=utf8_bin COMMENT='Users and their assignments to user groups';

-- --------------------------------------------------------

--
-- Struktur dari tabel `tbl_access_menu`
--

CREATE TABLE `tbl_access_menu` (
  `kd_access_menu` int(11) DEFAULT NULL,
  `kd_level` int(11) DEFAULT NULL,
  `kd_menu` int(11) DEFAULT NULL
) ENGINE=InnoDB DEFAULT CHARSET=latin1;

--
-- Dumping data untuk tabel `tbl_access_menu`
--

INSERT INTO `tbl_access_menu` (`kd_access_menu`, `kd_level`, `kd_menu`) VALUES
(1, 1, 1),
(2, 1, 2),
(3, 2, 2),
(1, 1, 1),
(2, 1, 2),
(3, 2, 2);

-- --------------------------------------------------------

--
-- Struktur dari tabel `tbl_admin`
--

CREATE TABLE `tbl_admin` (
  `kd_admin` varchar(50) NOT NULL,
  `nama_admin` varchar(35) DEFAULT NULL,
  `username_admin` varchar(30) DEFAULT NULL,
  `password_admin` varchar(256) DEFAULT NULL,
  `img_admin` varchar(35) DEFAULT NULL,
  `email_admin` varchar(35) DEFAULT NULL,
  `level_admin` varchar(12) DEFAULT NULL,
  `status_admin` int(1) DEFAULT NULL,
  `date_create_admin` varchar(50) DEFAULT NULL
) ENGINE=InnoDB DEFAULT CHARSET=latin1;

--
-- Dumping data untuk tabel `tbl_admin`
--

INSERT INTO `tbl_admin` (`kd_admin`, `nama_admin`, `username_admin`, `password_admin`, `img_admin`, `email_admin`, `level_admin`, `status_admin`, `date_create_admin`) VALUES
('ADM0001', 'Administrator', 'admin', '$2y$10$v25.H4XMgDztA2NmxeJQSeaRl2nKboXeRTo1BjPe37R0JG3rXraZG', 'assets/backend/img/default.png', 'adm@gmail.com', '2', 1, '1552276812'),
('ADM0002', 'Bahyu Sanciko', 'bahyu', '$2y$10$ADbNVZYgiDi8SqGl1bB2NOgCufT2sK5v/T3BSZcIpFPVljDSb2S2K', 'assets/backend/img/default.png', 'cbahyu@gmail.com', '1', 1, '1552819095'),
('ADM0002', 'Bahyu Sanciko', 'owner', '$2y$10$v25.H4XMgDztA2NmxeJQSeaRl2nKboXeRTo1BjPe37R0JG3rXraZG', 'assets/backend/img/default.png', 'owner@gmail.com', '1', 1, '1552819095');

-- --------------------------------------------------------

--
-- Struktur dari tabel `tbl_bank`
--

CREATE TABLE `tbl_bank` (
  `kd_bank` varchar(50) NOT NULL,
  `nasabah_bank` varchar(50) DEFAULT NULL,
  `nama_bank` varchar(50) DEFAULT NULL,
  `nomrek_bank` varchar(50) DEFAULT NULL,
  `photo_bank` varchar(100) DEFAULT NULL
) ENGINE=InnoDB DEFAULT CHARSET=latin1;

--
-- Dumping data untuk tabel `tbl_bank`
--

INSERT INTO `tbl_bank` (`kd_bank`, `nasabah_bank`, `nama_bank`, `nomrek_bank`, `photo_bank`) VALUES
('BNK0001', 'Bahyu Sanciko', 'BCA', '5490252063', 'assets/frontend/img/bank/bca-icon.jpg'),
('BNK0002', 'Bahyu Sanciko', 'MANDIRI', '6666666666', 'assets/frontend/img/bank/mandiri-icon.jpg'),
('BNK0003', 'Bahyu Sanciko', 'BRI', '7777777777', 'assets/frontend/img/bank/bri-icon.jpg'),
('BNK0004', 'Bahyu Sanciko', 'BNI', '8888888888', 'assets/frontend/img/bank/bni-icon.jpg');

-- --------------------------------------------------------

--
-- Struktur dari tabel `tbl_bus`
--

CREATE TABLE `tbl_bus` (
  `kd_bus` varchar(50) NOT NULL,
  `nama_bus` varchar(50) DEFAULT NULL,
  `plat_bus` varchar(50) DEFAULT NULL,
  `kapasitas_bus` int(13) DEFAULT NULL,
  `status_bus` int(1) DEFAULT NULL,
  `desc_bus` varchar(50) DEFAULT NULL
) ENGINE=InnoDB DEFAULT CHARSET=latin1;

--
-- Dumping data untuk tabel `tbl_bus`
--

INSERT INTO `tbl_bus` (`kd_bus`, `nama_bus`, `plat_bus`, `kapasitas_bus`, `status_bus`, `desc_bus`) VALUES
('B001', 'JKT1', 'B 4514 BLN', 19, 1, '--'),
('B002', 'JKT2', 'B 4514 BLN', 19, 1, '--'),
('B003', 'BDG1', 'B 4514 BLN', 19, 1, '--'),
('B004', 'BDG2', 'B 4514 BLN', 19, 1, '--'),
('B005', 'BDG3', 'B 4561 BLN', 19, 1, '--'),
('B006', 'JKT3', 'B 1234 BLN', 19, 1, '--');

-- --------------------------------------------------------

--
-- Struktur dari tabel `tbl_jadwal`
--

CREATE TABLE `tbl_jadwal` (
  `kd_jadwal` varchar(50) NOT NULL,
  `kd_bus` varchar(50) DEFAULT NULL,
  `kd_tujuan` varchar(50) DEFAULT NULL,
  `kd_asal` varchar(50) DEFAULT NULL,
  `wilayah_jadwal` varchar(50) DEFAULT NULL,
  `jam_berangkat_jadwal` time DEFAULT NULL,
  `jam_tiba_jadwal` time DEFAULT NULL,
  `harga_jadwal` varchar(50) NOT NULL
) ENGINE=InnoDB DEFAULT CHARSET=latin1;

--
-- Dumping data untuk tabel `tbl_jadwal`
--

INSERT INTO `tbl_jadwal` (`kd_jadwal`, `kd_bus`, `kd_tujuan`, `kd_asal`, `wilayah_jadwal`, `jam_berangkat_jadwal`, `jam_tiba_jadwal`, `harga_jadwal`) VALUES
('J0001', 'B003', 'TJ002', 'TJ001', 'bandung', '07:00:00', '10:30:00', '112500'),
('J0002', 'B004', 'TJ005', 'TJ003', 'bandung', '12:00:00', '15:45:00', '123000'),
('J0003', 'B005', 'TJ006', 'TJ004', 'bandung', '16:00:00', '19:00:00', '134000'),
('J0004', 'B001', 'TJ001', 'TJ002', 'jakarta', '07:30:00', '10:00:00', '145000'),
('J0005', 'B002', 'TJ003', 'TJ005', 'jakarta', '11:00:00', '03:00:00', '132000'),
('J0006', 'B006', 'TJ004', 'TJ006', 'jakarta', '17:00:00', '20:00:00', '128000');

-- --------------------------------------------------------

--
-- Struktur dari tabel `tbl_konfirmasi`
--

CREATE TABLE `tbl_konfirmasi` (
  `kd_konfirmasi` varchar(50) NOT NULL,
  `kd_order` varchar(50) DEFAULT NULL,
  `nama_konfirmasi` varchar(50) DEFAULT NULL,
  `nama_bank_konfirmasi` varchar(50) DEFAULT NULL,
  `norek_konfirmasi` varchar(50) DEFAULT NULL,
  `total_konfirmasi` varchar(50) DEFAULT NULL,
  `photo_konfirmasi` varchar(100) DEFAULT NULL
) ENGINE=InnoDB DEFAULT CHARSET=latin1;

--
-- Dumping data untuk tabel `tbl_konfirmasi`
--

INSERT INTO `tbl_konfirmasi` (`kd_konfirmasi`, `kd_order`, `nama_konfirmasi`, `nama_bank_konfirmasi`, `norek_konfirmasi`, `total_konfirmasi`, `photo_konfirmasi`) VALUES
('KF0001', 'ORD00001', 'najsdkkasdn', 'BCA', '213123', '536000', '/assets/frontend/upload/payment/10__home.png'),
('KF0002', 'ORD00002', 'test', 'BCA', '23456543', '528000', '/assets/frontend/upload/payment/Penguins.jpg'),
('KF0003', 'ORD00003', 'adsdsa', 'BCA', '12', '290000', '/assets/frontend/upload/payment/14__laporan_transaksi1.png');

-- --------------------------------------------------------

--
-- Struktur dari tabel `tbl_level`
--

CREATE TABLE `tbl_level` (
  `kd_level` int(11) NOT NULL,
  `nama_level` varchar(50) NOT NULL DEFAULT '0'
) ENGINE=InnoDB DEFAULT CHARSET=latin1;

--
-- Dumping data untuk tabel `tbl_level`
--

INSERT INTO `tbl_level` (`kd_level`, `nama_level`) VALUES
(1, 'owner'),
(2, 'administrator');

-- --------------------------------------------------------

--
-- Struktur dari tabel `tbl_menu`
--

CREATE TABLE `tbl_menu` (
  `kd_menu` int(11) NOT NULL,
  `nama_menu` varchar(50) NOT NULL DEFAULT '0'
) ENGINE=InnoDB DEFAULT CHARSET=latin1;

--
-- Dumping data untuk tabel `tbl_menu`
--

INSERT INTO `tbl_menu` (`kd_menu`, `nama_menu`) VALUES
(1, 'owner'),
(2, 'administrator');

-- --------------------------------------------------------

--
-- Struktur dari tabel `tbl_order`
--

CREATE TABLE `tbl_order` (
  `id_order` int(11) NOT NULL,
  `kd_order` varchar(50) DEFAULT NULL,
  `kd_tiket` varchar(50) DEFAULT NULL,
  `kd_jadwal` varchar(50) DEFAULT NULL,
  `kd_pelanggan` varchar(50) DEFAULT NULL,
  `kd_bank` varchar(50) DEFAULT NULL,
  `asal_order` varchar(200) DEFAULT NULL,
  `nama_order` varchar(50) DEFAULT NULL,
  `tgl_beli_order` varchar(50) DEFAULT NULL,
  `tgl_berangkat_order` varchar(50) DEFAULT NULL,
  `nama_kursi_order` varchar(50) DEFAULT NULL,
  `umur_kursi_order` varchar(50) DEFAULT NULL,
  `no_kursi_order` varchar(50) DEFAULT NULL,
  `no_ktp_order` varchar(50) DEFAULT NULL,
  `no_tlpn_order` varchar(50) DEFAULT NULL,
  `alamat_order` varchar(100) DEFAULT NULL,
  `email_order` varchar(100) DEFAULT NULL,
  `expired_order` varchar(50) DEFAULT NULL,
  `qrcode_order` varchar(100) DEFAULT NULL,
  `status_order` varchar(2) DEFAULT NULL
) ENGINE=InnoDB DEFAULT CHARSET=latin1;

--
-- Dumping data untuk tabel `tbl_order`
--

INSERT INTO `tbl_order` (`id_order`, `kd_order`, `kd_tiket`, `kd_jadwal`, `kd_pelanggan`, `kd_bank`, `asal_order`, `nama_order`, `tgl_beli_order`, `tgl_berangkat_order`, `nama_kursi_order`, `umur_kursi_order`, `no_kursi_order`, `no_ktp_order`, `no_tlpn_order`, `alamat_order`, `email_order`, `expired_order`, `qrcode_order`, `status_order`) VALUES
(11, 'ORD00001', 'TORD00001J0004TJ002201904253', 'J0004', 'PL0001', 'BNK0002', 'TJ002', 'Bahyu Sanciko', 'Jumat, 12 April 2019, 09:22', '2019-04-25', 'asdd', '90', '3', '021452125', '089682261128', 'JL AJA', 'cbahyu@gmail.com', '13-04-2019 09:22:48', 'assets/frontend/upload/qrcode/ORD00001.png', '2'),
(12, 'ORD00001', 'TORD00001J0004TJ002201904254', 'J0004', 'PL0001', 'BNK0002', 'TJ002', 'Bahyu Sanciko', 'Jumat, 12 April 2019, 09:22', '2019-04-25', 'asda', '90', '4', '021452125', '089682261128', 'JL AJA', 'cbahyu@gmail.com', '13-04-2019 09:22:48', 'assets/frontend/upload/qrcode/ORD00001.png', '2');

-- --------------------------------------------------------

--
-- Struktur dari tabel `tbl_pelanggan`
--

CREATE TABLE `tbl_pelanggan` (
  `kd_pelanggan` varchar(50) COLLATE latin1_general_ci NOT NULL,
  `username_pelanggan` varchar(50) COLLATE latin1_general_ci NOT NULL,
  `password_pelanggan` varchar(200) COLLATE latin1_general_ci NOT NULL,
  `no_ktp_pelanggan` varchar(50) COLLATE latin1_general_ci NOT NULL,
  `nama_pelanggan` varchar(100) COLLATE latin1_general_ci NOT NULL,
  `alamat_pelanggan` varchar(200) COLLATE latin1_general_ci NOT NULL,
  `email_pelanggan` varchar(100) COLLATE latin1_general_ci NOT NULL,
  `telpon_pelanggan` varchar(20) COLLATE latin1_general_ci NOT NULL,
  `img_pelanggan` varchar(200) COLLATE latin1_general_ci NOT NULL,
  `status_pelanggan` int(1) DEFAULT NULL,
  `date_create_pelanggan` varchar(50) COLLATE latin1_general_ci DEFAULT NULL
) ENGINE=MyISAM DEFAULT CHARSET=latin1 COLLATE=latin1_general_ci;

--
-- Dumping data untuk tabel `tbl_pelanggan`
--

INSERT INTO `tbl_pelanggan` (`kd_pelanggan`, `username_pelanggan`, `password_pelanggan`, `no_ktp_pelanggan`, `nama_pelanggan`, `alamat_pelanggan`, `email_pelanggan`, `telpon_pelanggan`, `img_pelanggan`, `status_pelanggan`, `date_create_pelanggan`) VALUES
('PL0002', 'sella', '$2y$10$wzz5.QSqiNfrc2JKuYK5huJHEvry340XZlspPACOJLf0TmU3yu30.', '02564651321564', 'sella', 'smkn1baso', 'sellapurwita36@gmail.com', '089682261128', 'assets/frontend/img/default.png', 1, '1552202266'),
('PL0001', 'bahyu', '$2y$10$PO4viVqheGgw7HPeozUih.V6qK4aWKbACLMe9UWOoSaJ8pSdaiISG', '021452125', 'Bahyu Sanciko', 'JL AJA', 'cbahyu@gmail.com', '089682261128', 'assets/frontend/img/default.png', 1, '1552199781'),
('PL0003', 'Dimas', '$2y$10$N6imN8KmAhuw9rH.iJxGLeVaRCG.27UmhHVF7MaICMhYlm.TGJ9iy', '346454215172455', 'Dimas', 'Cengkareng', 'dimasrestuadrianto@gmail.com', '6281299397276', 'assets/frontend/img/default.png', 1, '1552397128'),
('PL0005', 'kamuanjing', '$2y$10$PYDzqnOpzeGSo0ngK40Q1.M77oxnQ7fvhMYpI2q/JoZFS5r.g5FPG', '321963127368762639', 'aku cinta kmu', 'bangsat', 'ayudharachman@gmail.com', '09821312387', 'assets/frontend/img/default.png', 1, '1554340197'),
('PL0004', 'kelas109', '$2y$10$hHamfvIRbCNYiAvS289f0uj.T6kUfpfxTUcI210SLRqdTrxj4zyxG', '78456', 'Kelas109', 'jlin aja', 'kelas109si@gmail.com', '089682261128', 'assets/frontend/img/default.png', 1, '1554017732'),
('PL0006', 'Rakel', '$2y$10$pwr/ZSCVcya8JOV1Xt13qeRzhz.nLsJGWYcWWZJgR5DFLUfjJeaGO', '', 'Rakel', 'Jl.in aja dulu', 'rizkifirmansyah435@gmail.com', '08745179471', 'assets/frontend/img/default.png', 1, '1554385261'),
('PL0007', 'Aritest', '$2y$10$Z7yJqwWa0pCPtGb5sVYf9epvdjT97BD9U4guma.EhKU3JS9H675lG', '', 'ari', 'test', 'aliansah629@gmail.com', '08987654345', 'assets/frontend/img/default.png', 1, '1554534514');

-- --------------------------------------------------------

--
-- Struktur dari tabel `tbl_sub_menu`
--

CREATE TABLE `tbl_sub_menu` (
  `kd_sub_menu` int(11) NOT NULL,
  `kd_menu` int(11) DEFAULT NULL,
  `title_sub_menu` varchar(128) DEFAULT NULL,
  `url_sub_menu` varchar(128) DEFAULT NULL,
  `is_active_sub_menu` varchar(128) DEFAULT NULL
) ENGINE=InnoDB DEFAULT CHARSET=latin1;

--
-- Dumping data untuk tabel `tbl_sub_menu`
--

INSERT INTO `tbl_sub_menu` (`kd_sub_menu`, `kd_menu`, `title_sub_menu`, `url_sub_menu`, `is_active_sub_menu`) VALUES
(0, 1, 'Dashboard', 'backend/home', '1');

-- --------------------------------------------------------

--
-- Struktur dari tabel `tbl_tiket`
--

CREATE TABLE `tbl_tiket` (
  `kd_tiket` varchar(50) NOT NULL,
  `kd_order` varchar(50) DEFAULT NULL,
  `nama_tiket` varchar(50) DEFAULT NULL,
  `kursi_tiket` varchar(50) DEFAULT NULL,
  `umur_tiket` varchar(50) DEFAULT NULL,
  `asal_beli_tiket` varchar(50) DEFAULT NULL,
  `harga_tiket` varchar(50) NOT NULL,
  `etiket_tiket` varchar(100) DEFAULT NULL,
  `status_tiket` varchar(50) NOT NULL,
  `create_tgl_tiket` date DEFAULT NULL,
  `create_admin_tiket` varchar(50) DEFAULT NULL
) ENGINE=InnoDB DEFAULT CHARSET=latin1;

--
-- Dumping data untuk tabel `tbl_tiket`
--

INSERT INTO `tbl_tiket` (`kd_tiket`, `kd_order`, `nama_tiket`, `kursi_tiket`, `umur_tiket`, `asal_beli_tiket`, `harga_tiket`, `etiket_tiket`, `status_tiket`, `create_tgl_tiket`, `create_admin_tiket`) VALUES
('TORD00001J0004TJ002201904253', 'ORD00001', 'asdd', '3', '90 Tahun', 'TJ002', '145000', 'assets/backend/upload/etiket/ORD00001.pdf', '2', '2019-04-12', 'bahyu'),
('TORD00001J0004TJ002201904254', 'ORD00001', 'asda', '4', '90 Tahun', 'TJ002', '145000', 'assets/backend/upload/etiket/ORD00001.pdf', '2', '2019-04-12', 'bahyu');

-- --------------------------------------------------------

--
-- Struktur dari tabel `tbl_token_pelanggan`
--

CREATE TABLE `tbl_token_pelanggan` (
  `kd_token` int(11) NOT NULL,
  `nama_token` varchar(256) DEFAULT NULL,
  `email_token` varchar(50) DEFAULT NULL,
  `date_create_token` int(11) DEFAULT NULL
) ENGINE=InnoDB DEFAULT CHARSET=latin1;

-- --------------------------------------------------------

--
-- Struktur dari tabel `tbl_tujuan`
--

CREATE TABLE `tbl_tujuan` (
  `kd_tujuan` varchar(50) NOT NULL,
  `kota_tujuan` varchar(50) NOT NULL,
  `nama_terminal_tujuan` varchar(50) NOT NULL,
  `terminal_tujuan` varchar(100) NOT NULL
) ENGINE=InnoDB DEFAULT CHARSET=latin1;

--
-- Dumping data untuk tabel `tbl_tujuan`
--

INSERT INTO `tbl_tujuan` (`kd_tujuan`, `kota_tujuan`, `nama_terminal_tujuan`, `terminal_tujuan`) VALUES
('TJ001', 'jakarta', 'Terminal Kayu Besar', 'Jl. Auto Ring Road Kapuk Kamal Kayu Besar, Cengkareng, RT.7/RW.8, Cengkareng Bar., Cengkareng, Kota '),
('TJ002', 'bandung', 'Terminal Bojongloa ', 'Jl. Raya Sawahan No.283, Situsaeur, Bojongloa Kidul, Kota Bandung, Jawa Barat 40235'),
('TJ003', 'jakarta', 'Terminal Rawa Buaya', 'Jl. Darma Wanita 1 No.10, RT.7/RW.6, Duri Kosambi, Cengkareng, Kota Jakarta Barat, Daerah Khusus Ibu'),
('TJ004', 'jakarta', 'Termnial Kali Deres', 'Terminal bus Kalideres, Jl. Daan Mogot, RT.4/RW.1, Kalideres, West Jakarta City, Jakarta 11840'),
('TJ005', 'bandung', 'Terminal Babakan', 'JL. Raya Gede Bage No.68, Babakan Penghulu, Cinambo, Bandung City, West Java 40295'),
('TJ006', 'bandung', 'Terimnal Ledeng', 'Jl. Setiabudhi Dalam, Ledeng, Cidadap, Kota Bandung, Jawa Barat 40143');

--
-- Indexes for dumped tables
--

--
-- Indeks untuk tabel `pma__bookmark`
--
ALTER TABLE `pma__bookmark`
  ADD PRIMARY KEY (`id`);

--
-- Indeks untuk tabel `pma__central_columns`
--
ALTER TABLE `pma__central_columns`
  ADD PRIMARY KEY (`db_name`,`col_name`);

--
-- Indeks untuk tabel `pma__column_info`
--
ALTER TABLE `pma__column_info`
  ADD PRIMARY KEY (`id`),
  ADD UNIQUE KEY `db_name` (`db_name`,`table_name`,`column_name`);

--
-- Indeks untuk tabel `pma__designer_settings`
--
ALTER TABLE `pma__designer_settings`
  ADD PRIMARY KEY (`username`);

--
-- Indeks untuk tabel `pma__export_templates`
--
ALTER TABLE `pma__export_templates`
  ADD PRIMARY KEY (`id`),
  ADD UNIQUE KEY `u_user_type_template` (`username`,`export_type`,`template_name`);

--
-- Indeks untuk tabel `pma__favorite`
--
ALTER TABLE `pma__favorite`
  ADD PRIMARY KEY (`username`);

--
-- Indeks untuk tabel `pma__history`
--
ALTER TABLE `pma__history`
  ADD PRIMARY KEY (`id`),
  ADD KEY `username` (`username`,`db`,`table`,`timevalue`);

--
-- Indeks untuk tabel `pma__navigationhiding`
--
ALTER TABLE `pma__navigationhiding`
  ADD PRIMARY KEY (`username`,`item_name`,`item_type`,`db_name`,`table_name`);

--
-- Indeks untuk tabel `pma__pdf_pages`
--
ALTER TABLE `pma__pdf_pages`
  ADD PRIMARY KEY (`page_nr`),
  ADD KEY `db_name` (`db_name`);

--
-- Indeks untuk tabel `pma__recent`
--
ALTER TABLE `pma__recent`
  ADD PRIMARY KEY (`username`);

--
-- Indeks untuk tabel `pma__relation`
--
ALTER TABLE `pma__relation`
  ADD PRIMARY KEY (`master_db`,`master_table`,`master_field`),
  ADD KEY `foreign_field` (`foreign_db`,`foreign_table`);

--
-- Indeks untuk tabel `pma__savedsearches`
--
ALTER TABLE `pma__savedsearches`
  ADD PRIMARY KEY (`id`),
  ADD UNIQUE KEY `u_savedsearches_username_dbname` (`username`,`db_name`,`search_name`);

--
-- Indeks untuk tabel `pma__table_coords`
--
ALTER TABLE `pma__table_coords`
  ADD PRIMARY KEY (`db_name`,`table_name`,`pdf_page_number`);

--
-- Indeks untuk tabel `pma__table_info`
--
ALTER TABLE `pma__table_info`
  ADD PRIMARY KEY (`db_name`,`table_name`);

--
-- Indeks untuk tabel `pma__table_uiprefs`
--
ALTER TABLE `pma__table_uiprefs`
  ADD PRIMARY KEY (`username`,`db_name`,`table_name`);

--
-- Indeks untuk tabel `pma__tracking`
--
ALTER TABLE `pma__tracking`
  ADD PRIMARY KEY (`db_name`,`table_name`,`version`);

--
-- Indeks untuk tabel `pma__userconfig`
--
ALTER TABLE `pma__userconfig`
  ADD PRIMARY KEY (`username`);

--
-- Indeks untuk tabel `pma__usergroups`
--
ALTER TABLE `pma__usergroups`
  ADD PRIMARY KEY (`usergroup`,`tab`,`allowed`);

--
-- Indeks untuk tabel `pma__users`
--
ALTER TABLE `pma__users`
  ADD PRIMARY KEY (`username`,`usergroup`);

--
-- Indeks untuk tabel `tbl_bank`
--
ALTER TABLE `tbl_bank`
  ADD PRIMARY KEY (`kd_bank`);

--
-- Indeks untuk tabel `tbl_bus`
--
ALTER TABLE `tbl_bus`
  ADD PRIMARY KEY (`kd_bus`);

--
-- Indeks untuk tabel `tbl_jadwal`
--
ALTER TABLE `tbl_jadwal`
  ADD PRIMARY KEY (`kd_jadwal`),
  ADD KEY `kd_bus` (`kd_bus`),
  ADD KEY `kd_tujuan` (`kd_tujuan`);

--
-- Indeks untuk tabel `tbl_konfirmasi`
--
ALTER TABLE `tbl_konfirmasi`
  ADD PRIMARY KEY (`kd_konfirmasi`),
  ADD KEY `kode_order` (`kd_order`);

--
-- Indeks untuk tabel `tbl_level`
--
ALTER TABLE `tbl_level`
  ADD PRIMARY KEY (`kd_level`);

--
-- Indeks untuk tabel `tbl_menu`
--
ALTER TABLE `tbl_menu`
  ADD PRIMARY KEY (`kd_menu`);

--
-- Indeks untuk tabel `tbl_order`
--
ALTER TABLE `tbl_order`
  ADD PRIMARY KEY (`id_order`),
  ADD KEY `kd_jadwal` (`kd_jadwal`),
  ADD KEY `kd_kustomer` (`kd_pelanggan`),
  ADD KEY `kd_tiket` (`kd_tiket`),
  ADD KEY `kd_bank` (`kd_bank`);

--
-- Indeks untuk tabel `tbl_pelanggan`
--
ALTER TABLE `tbl_pelanggan`
  ADD PRIMARY KEY (`kd_pelanggan`);

--
-- Indeks untuk tabel `tbl_sub_menu`
--
ALTER TABLE `tbl_sub_menu`
  ADD PRIMARY KEY (`kd_sub_menu`),
  ADD KEY `kd_menu` (`kd_menu`);

--
-- Indeks untuk tabel `tbl_tiket`
--
ALTER TABLE `tbl_tiket`
  ADD PRIMARY KEY (`kd_tiket`),
  ADD KEY `kode_order` (`kd_order`);

--
-- Indeks untuk tabel `tbl_token_pelanggan`
--
ALTER TABLE `tbl_token_pelanggan`
  ADD PRIMARY KEY (`kd_token`);

--
-- Indeks untuk tabel `tbl_tujuan`
--
ALTER TABLE `tbl_tujuan`
  ADD PRIMARY KEY (`kd_tujuan`);

--
-- AUTO_INCREMENT untuk tabel yang dibuang
--

--
-- AUTO_INCREMENT untuk tabel `pma__bookmark`
--
ALTER TABLE `pma__bookmark`
  MODIFY `id` int(10) UNSIGNED NOT NULL AUTO_INCREMENT;

--
-- AUTO_INCREMENT untuk tabel `pma__column_info`
--
ALTER TABLE `pma__column_info`
  MODIFY `id` int(5) UNSIGNED NOT NULL AUTO_INCREMENT;

--
-- AUTO_INCREMENT untuk tabel `pma__export_templates`
--
ALTER TABLE `pma__export_templates`
  MODIFY `id` int(5) UNSIGNED NOT NULL AUTO_INCREMENT;

--
-- AUTO_INCREMENT untuk tabel `pma__history`
--
ALTER TABLE `pma__history`
  MODIFY `id` bigint(20) UNSIGNED NOT NULL AUTO_INCREMENT;

--
-- AUTO_INCREMENT untuk tabel `pma__pdf_pages`
--
ALTER TABLE `pma__pdf_pages`
  MODIFY `page_nr` int(10) UNSIGNED NOT NULL AUTO_INCREMENT;

--
-- AUTO_INCREMENT untuk tabel `pma__savedsearches`
--
ALTER TABLE `pma__savedsearches`
  MODIFY `id` int(5) UNSIGNED NOT NULL AUTO_INCREMENT;

--
-- AUTO_INCREMENT untuk tabel `tbl_level`
--
ALTER TABLE `tbl_level`
  MODIFY `kd_level` int(11) NOT NULL AUTO_INCREMENT, AUTO_INCREMENT=3;

--
-- AUTO_INCREMENT untuk tabel `tbl_menu`
--
ALTER TABLE `tbl_menu`
  MODIFY `kd_menu` int(11) NOT NULL AUTO_INCREMENT, AUTO_INCREMENT=3;

--
-- AUTO_INCREMENT untuk tabel `tbl_order`
--
ALTER TABLE `tbl_order`
  MODIFY `id_order` int(11) NOT NULL AUTO_INCREMENT, AUTO_INCREMENT=13;
COMMIT;

/*!40101 SET CHARACTER_SET_CLIENT=@OLD_CHARACTER_SET_CLIENT */;
/*!40101 SET CHARACTER_SET_RESULTS=@OLD_CHARACTER_SET_RESULTS */;
/*!40101 SET COLLATION_CONNECTION=@OLD_COLLATION_CONNECTION */;
